-- phpMyAdmin SQL Dump
-- version 4.8.3
-- https://www.phpmyadmin.net/
--
-- Host: 127.0.0.1
-- Generation Time: Feb 04, 2019 at 05:47 AM
-- Server version: 10.1.35-MariaDB
-- PHP Version: 7.2.9

SET SQL_MODE = "NO_AUTO_VALUE_ON_ZERO";
SET AUTOCOMMIT = 0;
START TRANSACTION;
SET time_zone = "+00:00";


/*!40101 SET @OLD_CHARACTER_SET_CLIENT=@@CHARACTER_SET_CLIENT */;
/*!40101 SET @OLD_CHARACTER_SET_RESULTS=@@CHARACTER_SET_RESULTS */;
/*!40101 SET @OLD_COLLATION_CONNECTION=@@COLLATION_CONNECTION */;
/*!40101 SET NAMES utf8mb4 */;

--
-- Database: `ems`
--

-- --------------------------------------------------------

--
-- Table structure for table `account`
--

CREATE TABLE `account` (
  `id` int(11) NOT NULL,
  `fullname` varchar(50) COLLATE utf8mb4_unicode_ci NOT NULL,
  `email` varchar(50) COLLATE utf8mb4_unicode_ci NOT NULL,
  `active` tinyint(1) NOT NULL,
  `gender` char(1) COLLATE utf8mb4_unicode_ci NOT NULL,
  `country_id` int(11) NOT NULL,
  `created_at` datetime NOT NULL,
  `updated_at` datetime NOT NULL
) ENGINE=InnoDB DEFAULT CHARSET=utf8mb4 COLLATE=utf8mb4_unicode_ci;

--
-- Dumping data for table `account`
--

INSERT INTO `account` (`id`, `fullname`, `email`, `active`, `gender`, `country_id`, `created_at`, `updated_at`) VALUES
(16, 'Sara16', '16sara@aa.com', 1, 'F', 4, '0000-00-00 00:00:00', '0000-00-00 00:00:00'),
(17, 'Basel Mohammed17', '17basel1090@yahoo.com', 1, 'M', 1, '0000-00-00 00:00:00', '0000-00-00 00:00:00'),
(19, 'Reem19', '19Reem@aa.com', 1, 'F', 2, '0000-00-00 00:00:00', '0000-00-00 00:00:00'),
(20, 'zxczxc20', '20zxc@aa.com', 1, 'F', 1, '0000-00-00 00:00:00', '0000-00-00 00:00:00'),
(21, 'Sara21', '21sara@aa.com', 1, 'F', 4, '0000-00-00 00:00:00', '0000-00-00 00:00:00'),
(22, 'Basel Mohammed22', '22basel1090@yahoo.com', 1, 'M', 1, '0000-00-00 00:00:00', '0000-00-00 00:00:00'),
(23, 'Ahmed Ali Othman23', '23Ahmed@aa.com', 1, 'M', 2, '0000-00-00 00:00:00', '0000-00-00 00:00:00'),
(24, 'Reem24', '24Reem@aa.com', 1, 'F', 2, '0000-00-00 00:00:00', '0000-00-00 00:00:00'),
(25, 'zxczxc25', '25zxc@aa.com', 1, 'F', 1, '0000-00-00 00:00:00', '0000-00-00 00:00:00'),
(31, 'Sara31', '31sara@aa.com', 1, 'F', 4, '0000-00-00 00:00:00', '0000-00-00 00:00:00'),
(32, 'Basel Mohammed32', '32basel1090@yahoo.com', 1, 'M', 1, '0000-00-00 00:00:00', '0000-00-00 00:00:00'),
(33, 'Ahmed Ali Othman33', '33Ahmed@aa.com', 1, 'M', 2, '0000-00-00 00:00:00', '0000-00-00 00:00:00'),
(34, 'Reem34', '34Reem@aa.com', 1, 'F', 2, '0000-00-00 00:00:00', '0000-00-00 00:00:00'),
(35, 'zxczxc35', '35zxc@aa.com', 1, 'F', 1, '0000-00-00 00:00:00', '0000-00-00 00:00:00'),
(36, 'Sara36', '36sara@aa.com', 1, 'F', 4, '0000-00-00 00:00:00', '0000-00-00 00:00:00'),
(37, 'Basel Mohammed37', '37basel1090@yahoo.com', 1, 'M', 1, '0000-00-00 00:00:00', '0000-00-00 00:00:00'),
(38, 'Ahmed Ali Othman38', '38Ahmed@aa.com', 1, 'M', 2, '0000-00-00 00:00:00', '0000-00-00 00:00:00'),
(39, 'Reem39', '39Reem@aa.com', 1, 'F', 2, '0000-00-00 00:00:00', '0000-00-00 00:00:00'),
(40, 'zxczxc40', '40zxc@aa.com', 1, 'F', 1, '0000-00-00 00:00:00', '0000-00-00 00:00:00'),
(41, 'Sara41', '41sara@aa.com', 1, 'F', 4, '0000-00-00 00:00:00', '0000-00-00 00:00:00'),
(42, 'Basel Mohammed42', '42basel1090@yahoo.com', 1, 'M', 1, '0000-00-00 00:00:00', '0000-00-00 00:00:00'),
(43, 'Ahmed Ali Othman43', '43Ahmed@aa.com', 1, 'M', 2, '0000-00-00 00:00:00', '0000-00-00 00:00:00'),
(44, 'Reem44', '44Reem@aa.com', 1, 'F', 2, '0000-00-00 00:00:00', '0000-00-00 00:00:00'),
(45, 'zxczxc45', '45zxc@aa.com', 1, 'F', 1, '0000-00-00 00:00:00', '0000-00-00 00:00:00'),
(46, 'Sara46', '46sara@aa.com', 1, 'F', 4, '0000-00-00 00:00:00', '0000-00-00 00:00:00'),
(47, 'Basel Mohammed47', '47basel1090@yahoo.com', 1, 'M', 1, '0000-00-00 00:00:00', '0000-00-00 00:00:00'),
(48, 'Ahmed Ali Othman48', '48Ahmed@aa.com', 1, 'M', 2, '0000-00-00 00:00:00', '0000-00-00 00:00:00'),
(49, 'Reem49', '49Reem@aa.com', 1, 'F', 2, '0000-00-00 00:00:00', '0000-00-00 00:00:00'),
(50, 'zxczxc50', '50zxc@aa.com', 1, 'F', 1, '0000-00-00 00:00:00', '0000-00-00 00:00:00'),
(62, 'Sara62', '62sara@aa.com', 1, 'F', 4, '0000-00-00 00:00:00', '0000-00-00 00:00:00'),
(63, 'Basel Mohammed63', '63basel1090@yahoo.com', 1, 'M', 1, '0000-00-00 00:00:00', '0000-00-00 00:00:00'),
(64, 'Ahmed Ali Othman64', '64Ahmed@aa.com', 1, 'M', 2, '0000-00-00 00:00:00', '0000-00-00 00:00:00'),
(65, 'Reem65', '65Reem@aa.com', 1, 'F', 2, '0000-00-00 00:00:00', '0000-00-00 00:00:00'),
(66, 'zxczxc66', '66zxc@aa.com', 1, 'F', 1, '0000-00-00 00:00:00', '0000-00-00 00:00:00'),
(67, 'Sara67', '67sara@aa.com', 1, 'F', 4, '0000-00-00 00:00:00', '0000-00-00 00:00:00'),
(68, 'Basel Mohammed68', '68basel1090@yahoo.com', 1, 'M', 1, '0000-00-00 00:00:00', '0000-00-00 00:00:00'),
(69, 'Ahmed Ali Othman69', '69Ahmed@aa.com', 1, 'M', 2, '0000-00-00 00:00:00', '0000-00-00 00:00:00'),
(70, 'Reem70', '70Reem@aa.com', 1, 'F', 2, '0000-00-00 00:00:00', '0000-00-00 00:00:00'),
(71, 'zxczxc71', '71zxc@aa.com', 1, 'F', 1, '0000-00-00 00:00:00', '0000-00-00 00:00:00'),
(72, 'Sara72', '72sara@aa.com', 1, 'F', 4, '0000-00-00 00:00:00', '0000-00-00 00:00:00'),
(73, 'Basel Mohammed73', '73basel1090@yahoo.com', 1, 'M', 1, '0000-00-00 00:00:00', '0000-00-00 00:00:00'),
(74, 'Ahmed Ali Othman74', '74Ahmed@aa.com', 1, 'M', 2, '0000-00-00 00:00:00', '0000-00-00 00:00:00'),
(75, 'Reem75', '75Reem@aa.com', 1, 'F', 2, '0000-00-00 00:00:00', '0000-00-00 00:00:00'),
(76, 'zxczxc76', '76zxc@aa.com', 1, 'F', 1, '0000-00-00 00:00:00', '0000-00-00 00:00:00'),
(77, 'Sara77', '77sara@aa.com', 1, 'F', 4, '0000-00-00 00:00:00', '0000-00-00 00:00:00'),
(78, 'Basel Mohammed78', '78basel1090@yahoo.com', 1, 'M', 1, '0000-00-00 00:00:00', '0000-00-00 00:00:00'),
(79, 'Ahmed Ali Othman79', '79Ahmed@aa.com', 1, 'M', 2, '0000-00-00 00:00:00', '0000-00-00 00:00:00'),
(80, 'Reem80', '80Reem@aa.com', 1, 'F', 2, '0000-00-00 00:00:00', '0000-00-00 00:00:00'),
(81, 'zxczxc81', '81zxc@aa.com', 1, 'F', 1, '0000-00-00 00:00:00', '0000-00-00 00:00:00'),
(82, 'Sara82', '82sara@aa.com', 1, 'F', 4, '0000-00-00 00:00:00', '0000-00-00 00:00:00'),
(83, 'Basel Mohammed83', '83basel1090@yahoo.com', 1, 'M', 1, '0000-00-00 00:00:00', '0000-00-00 00:00:00'),
(84, 'Ahmed Ali Othman84', '84Ahmed@aa.com', 1, 'M', 2, '0000-00-00 00:00:00', '0000-00-00 00:00:00'),
(85, 'Reem85', '85Reem@aa.com', 1, 'F', 2, '0000-00-00 00:00:00', '0000-00-00 00:00:00'),
(86, 'zxczxc86', '86zxc@aa.com', 1, 'F', 1, '0000-00-00 00:00:00', '0000-00-00 00:00:00'),
(87, 'Sara87', '87sara@aa.com', 1, 'F', 4, '0000-00-00 00:00:00', '0000-00-00 00:00:00'),
(88, 'Basel Mohammed88', '88basel1090@yahoo.com', 1, 'M', 1, '0000-00-00 00:00:00', '0000-00-00 00:00:00'),
(89, 'Ahmed Ali Othman89', '89Ahmed@aa.com', 1, 'M', 2, '0000-00-00 00:00:00', '0000-00-00 00:00:00'),
(90, 'Reem90', '90Reem@aa.com', 1, 'F', 2, '0000-00-00 00:00:00', '0000-00-00 00:00:00'),
(91, 'zxczxc91', '91zxc@aa.com', 1, 'F', 1, '0000-00-00 00:00:00', '0000-00-00 00:00:00'),
(92, 'Sara92', '92sara@aa.com', 1, 'F', 4, '0000-00-00 00:00:00', '0000-00-00 00:00:00'),
(93, 'Basel Mohammed93', '93basel1090@yahoo.com', 1, 'M', 1, '0000-00-00 00:00:00', '0000-00-00 00:00:00'),
(94, 'Ahmed Ali Othman94', '94Ahmed@aa.com', 1, 'M', 2, '0000-00-00 00:00:00', '0000-00-00 00:00:00'),
(95, 'Reem95', '95Reem@aa.com', 1, 'F', 2, '0000-00-00 00:00:00', '0000-00-00 00:00:00'),
(96, 'zxczxc96', '96zxc@aa.com', 1, 'F', 1, '0000-00-00 00:00:00', '0000-00-00 00:00:00'),
(97, 'Sara97', '97sara@aa.com', 1, 'F', 4, '0000-00-00 00:00:00', '0000-00-00 00:00:00'),
(98, 'Basel Mohammed98', '98basel1090@yahoo.com', 1, 'M', 1, '0000-00-00 00:00:00', '0000-00-00 00:00:00'),
(99, 'Ahmed Ali Othman99', '99Ahmed@aa.com', 1, 'M', 2, '0000-00-00 00:00:00', '0000-00-00 00:00:00'),
(100, 'Reem100', '100Reem@aa.com', 1, 'F', 2, '0000-00-00 00:00:00', '0000-00-00 00:00:00'),
(101, 'zxczxc101', '101zxc@aa.com', 1, 'F', 1, '0000-00-00 00:00:00', '0000-00-00 00:00:00'),
(125, 'Sara125', '125sara@aa.com', 1, 'F', 4, '0000-00-00 00:00:00', '0000-00-00 00:00:00'),
(126, 'Basel Mohammed126', '126basel1090@yahoo.com', 1, 'M', 1, '0000-00-00 00:00:00', '0000-00-00 00:00:00'),
(127, 'Ahmed Ali Othman127', '127Ahmed@aa.com', 1, 'M', 2, '0000-00-00 00:00:00', '0000-00-00 00:00:00'),
(128, 'Reem128', '128Reem@aa.com', 1, 'F', 2, '0000-00-00 00:00:00', '0000-00-00 00:00:00'),
(129, 'zxczxc129', '129zxc@aa.com', 1, 'F', 1, '0000-00-00 00:00:00', '0000-00-00 00:00:00'),
(130, 'Sara130', '130sara@aa.com', 1, 'F', 4, '0000-00-00 00:00:00', '0000-00-00 00:00:00'),
(131, 'Basel Mohammed131', '131basel1090@yahoo.com', 1, 'M', 1, '0000-00-00 00:00:00', '0000-00-00 00:00:00'),
(132, 'Ahmed Ali Othman132', '132Ahmed@aa.com', 1, 'M', 2, '0000-00-00 00:00:00', '0000-00-00 00:00:00'),
(133, 'Reem133', '133Reem@aa.com', 1, 'F', 2, '0000-00-00 00:00:00', '0000-00-00 00:00:00'),
(134, 'zxczxc134', '134zxc@aa.com', 1, 'F', 1, '0000-00-00 00:00:00', '0000-00-00 00:00:00'),
(135, 'Sara135', '135sara@aa.com', 1, 'F', 4, '0000-00-00 00:00:00', '0000-00-00 00:00:00'),
(136, 'Basel Mohammed136', '136basel1090@yahoo.com', 1, 'M', 1, '0000-00-00 00:00:00', '0000-00-00 00:00:00'),
(137, 'Ahmed Ali Othman137', '137Ahmed@aa.com', 1, 'M', 2, '0000-00-00 00:00:00', '0000-00-00 00:00:00'),
(138, 'Reem138', '138Reem@aa.com', 1, 'F', 2, '0000-00-00 00:00:00', '0000-00-00 00:00:00'),
(139, 'zxczxc139', '139zxc@aa.com', 1, 'F', 1, '0000-00-00 00:00:00', '0000-00-00 00:00:00'),
(140, 'Sara140', '140sara@aa.com', 1, 'F', 4, '0000-00-00 00:00:00', '0000-00-00 00:00:00'),
(141, 'Basel Mohammed141', '141basel1090@yahoo.com', 1, 'M', 1, '0000-00-00 00:00:00', '0000-00-00 00:00:00'),
(142, 'Ahmed Ali Othman142', '142Ahmed@aa.com', 1, 'M', 2, '0000-00-00 00:00:00', '0000-00-00 00:00:00'),
(143, 'Reem143', '143Reem@aa.com', 1, 'F', 2, '0000-00-00 00:00:00', '0000-00-00 00:00:00'),
(144, 'zxczxc144', '144zxc@aa.com', 1, 'F', 1, '0000-00-00 00:00:00', '0000-00-00 00:00:00'),
(145, 'Sara145', '145sara@aa.com', 1, 'F', 4, '0000-00-00 00:00:00', '0000-00-00 00:00:00'),
(146, 'Basel Mohammed146', '146basel1090@yahoo.com', 1, 'M', 1, '0000-00-00 00:00:00', '0000-00-00 00:00:00'),
(147, 'Ahmed Ali Othman147', '147Ahmed@aa.com', 1, 'M', 2, '0000-00-00 00:00:00', '0000-00-00 00:00:00'),
(148, 'Reem148', '148Reem@aa.com', 1, 'F', 2, '0000-00-00 00:00:00', '0000-00-00 00:00:00'),
(149, 'zxczxc149', '149zxc@aa.com', 1, 'F', 1, '0000-00-00 00:00:00', '0000-00-00 00:00:00'),
(150, 'Sara150', '150sara@aa.com', 1, 'F', 4, '0000-00-00 00:00:00', '0000-00-00 00:00:00'),
(151, 'Basel Mohammed151', '151basel1090@yahoo.com', 1, 'M', 1, '0000-00-00 00:00:00', '0000-00-00 00:00:00'),
(152, 'Ahmed Ali Othman152', '152Ahmed@aa.com', 1, 'M', 2, '0000-00-00 00:00:00', '0000-00-00 00:00:00'),
(153, 'Reem153', '153Reem@aa.com', 1, 'F', 2, '0000-00-00 00:00:00', '0000-00-00 00:00:00'),
(154, 'zxczxc154', '154zxc@aa.com', 1, 'F', 1, '0000-00-00 00:00:00', '0000-00-00 00:00:00'),
(155, 'Sara155', '155sara@aa.com', 1, 'F', 4, '0000-00-00 00:00:00', '0000-00-00 00:00:00'),
(156, 'Basel Mohammed156', '156basel1090@yahoo.com', 1, 'M', 1, '0000-00-00 00:00:00', '0000-00-00 00:00:00'),
(157, 'Ahmed Ali Othman157', '157Ahmed@aa.com', 1, 'M', 2, '0000-00-00 00:00:00', '0000-00-00 00:00:00'),
(158, 'Reem158', '158Reem@aa.com', 1, 'F', 2, '0000-00-00 00:00:00', '0000-00-00 00:00:00'),
(159, 'zxczxc159', '159zxc@aa.com', 1, 'F', 1, '0000-00-00 00:00:00', '0000-00-00 00:00:00'),
(160, 'Sara160', '160sara@aa.com', 1, 'F', 4, '0000-00-00 00:00:00', '0000-00-00 00:00:00'),
(161, 'Basel Mohammed161', '161basel1090@yahoo.com', 1, 'M', 1, '0000-00-00 00:00:00', '0000-00-00 00:00:00'),
(162, 'Ahmed Ali Othman162', '162Ahmed@aa.com', 1, 'M', 2, '0000-00-00 00:00:00', '0000-00-00 00:00:00'),
(163, 'Reem163', '163Reem@aa.com', 1, 'F', 2, '0000-00-00 00:00:00', '0000-00-00 00:00:00'),
(164, 'zxczxc164', '164zxc@aa.com', 1, 'F', 1, '0000-00-00 00:00:00', '0000-00-00 00:00:00'),
(165, 'Sara165', '165sara@aa.com', 1, 'F', 4, '0000-00-00 00:00:00', '0000-00-00 00:00:00'),
(166, 'Basel Mohammed166', '166basel1090@yahoo.com', 1, 'M', 1, '0000-00-00 00:00:00', '0000-00-00 00:00:00'),
(167, 'Ahmed Ali Othman167', '167Ahmed@aa.com', 1, 'M', 2, '0000-00-00 00:00:00', '0000-00-00 00:00:00'),
(168, 'Reem168', '168Reem@aa.com', 1, 'F', 2, '0000-00-00 00:00:00', '0000-00-00 00:00:00'),
(169, 'zxczxc169', '169zxc@aa.com', 1, 'F', 1, '0000-00-00 00:00:00', '0000-00-00 00:00:00'),
(170, 'Sara170', '170sara@aa.com', 1, 'F', 4, '0000-00-00 00:00:00', '0000-00-00 00:00:00'),
(171, 'Basel Mohammed171', '171basel1090@yahoo.com', 1, 'M', 1, '0000-00-00 00:00:00', '0000-00-00 00:00:00'),
(172, 'Ahmed Ali Othman172', '172Ahmed@aa.com', 1, 'M', 2, '0000-00-00 00:00:00', '0000-00-00 00:00:00'),
(173, 'Reem173', '173Reem@aa.com', 1, 'F', 2, '0000-00-00 00:00:00', '0000-00-00 00:00:00'),
(174, 'zxczxc174', '174zxc@aa.com', 1, 'F', 1, '0000-00-00 00:00:00', '0000-00-00 00:00:00'),
(175, 'Sara175', '175sara@aa.com', 1, 'F', 4, '0000-00-00 00:00:00', '0000-00-00 00:00:00'),
(176, 'Basel Mohammed176', '176basel1090@yahoo.com', 1, 'M', 1, '0000-00-00 00:00:00', '0000-00-00 00:00:00'),
(177, 'Ahmed Ali Othman177', '177Ahmed@aa.com', 1, 'M', 2, '0000-00-00 00:00:00', '0000-00-00 00:00:00'),
(178, 'Reem178', '178Reem@aa.com', 1, 'F', 2, '0000-00-00 00:00:00', '0000-00-00 00:00:00'),
(179, 'zxczxc179', '179zxc@aa.com', 1, 'F', 1, '0000-00-00 00:00:00', '0000-00-00 00:00:00'),
(180, 'Sara180', '180sara@aa.com', 1, 'F', 4, '0000-00-00 00:00:00', '0000-00-00 00:00:00'),
(181, 'Basel Mohammed181', '181basel1090@yahoo.com', 1, 'M', 1, '0000-00-00 00:00:00', '0000-00-00 00:00:00'),
(182, 'Ahmed Ali Othman182', '182Ahmed@aa.com', 1, 'M', 2, '0000-00-00 00:00:00', '0000-00-00 00:00:00'),
(183, 'Reem183', '183Reem@aa.com', 1, 'F', 2, '0000-00-00 00:00:00', '0000-00-00 00:00:00'),
(184, 'zxczxc184', '184zxc@aa.com', 1, 'F', 1, '0000-00-00 00:00:00', '0000-00-00 00:00:00'),
(185, 'Sara185', '185sara@aa.com', 1, 'F', 4, '0000-00-00 00:00:00', '0000-00-00 00:00:00'),
(186, 'Basel Mohammed186', '186basel1090@yahoo.com', 1, 'M', 1, '0000-00-00 00:00:00', '0000-00-00 00:00:00'),
(187, 'Ahmed Ali Othman187', '187Ahmed@aa.com', 1, 'M', 2, '0000-00-00 00:00:00', '0000-00-00 00:00:00'),
(188, 'Reem188', '188Reem@aa.com', 1, 'F', 2, '0000-00-00 00:00:00', '0000-00-00 00:00:00'),
(189, 'zxczxc189', '189zxc@aa.com', 1, 'F', 1, '0000-00-00 00:00:00', '0000-00-00 00:00:00'),
(190, 'Sara190', '190sara@aa.com', 1, 'F', 4, '0000-00-00 00:00:00', '0000-00-00 00:00:00'),
(191, 'Basel Mohammed191', '191basel1090@yahoo.com', 1, 'M', 1, '0000-00-00 00:00:00', '0000-00-00 00:00:00'),
(192, 'Ahmed Ali Othman192', '192Ahmed@aa.com', 1, 'M', 2, '0000-00-00 00:00:00', '0000-00-00 00:00:00'),
(193, 'Reem193', '193Reem@aa.com', 1, 'F', 2, '0000-00-00 00:00:00', '0000-00-00 00:00:00'),
(194, 'zxczxc194', '194zxc@aa.com', 1, 'F', 1, '0000-00-00 00:00:00', '0000-00-00 00:00:00'),
(195, 'Sara195', '195sara@aa.com', 1, 'F', 4, '0000-00-00 00:00:00', '0000-00-00 00:00:00'),
(196, 'Basel Mohammed196', '196basel1090@yahoo.com', 1, 'M', 1, '0000-00-00 00:00:00', '0000-00-00 00:00:00'),
(197, 'Ahmed Ali Othman197', '197Ahmed@aa.com', 1, 'M', 2, '0000-00-00 00:00:00', '0000-00-00 00:00:00'),
(198, 'Reem198', '198Reem@aa.com', 1, 'F', 2, '0000-00-00 00:00:00', '0000-00-00 00:00:00'),
(199, 'zxczxc199', '199zxc@aa.com', 1, 'F', 1, '0000-00-00 00:00:00', '0000-00-00 00:00:00'),
(200, 'Sara200', '200sara@aa.com', 1, 'F', 4, '0000-00-00 00:00:00', '0000-00-00 00:00:00'),
(201, 'Basel Mohammed201', '201basel1090@yahoo.com', 1, 'M', 1, '0000-00-00 00:00:00', '0000-00-00 00:00:00'),
(202, 'Ahmed Ali Othman202', '202Ahmed@aa.com', 1, 'M', 2, '0000-00-00 00:00:00', '0000-00-00 00:00:00'),
(203, 'Reem203', '203Reem@aa.com', 1, 'F', 2, '0000-00-00 00:00:00', '0000-00-00 00:00:00'),
(204, 'zxczxc204', '204zxc@aa.com', 1, 'F', 1, '0000-00-00 00:00:00', '0000-00-00 00:00:00'),
(252, 'Sara252', '252sara@aa.com', 1, 'F', 4, '0000-00-00 00:00:00', '0000-00-00 00:00:00'),
(253, 'Basel Mohammed253', '253basel1090@yahoo.com', 1, 'M', 1, '0000-00-00 00:00:00', '0000-00-00 00:00:00'),
(254, 'Ahmed Ali Othman254', '254Ahmed@aa.com', 1, 'M', 2, '0000-00-00 00:00:00', '0000-00-00 00:00:00'),
(255, 'Reem255', '255Reem@aa.com', 1, 'F', 2, '0000-00-00 00:00:00', '0000-00-00 00:00:00'),
(256, 'zxczxc256', '256zxc@aa.com', 1, 'F', 1, '0000-00-00 00:00:00', '0000-00-00 00:00:00'),
(257, 'Sara257', '257sara@aa.com', 1, 'F', 4, '0000-00-00 00:00:00', '0000-00-00 00:00:00'),
(258, 'Basel Mohammed258', '258basel1090@yahoo.com', 1, 'M', 1, '0000-00-00 00:00:00', '0000-00-00 00:00:00'),
(259, 'Ahmed Ali Othman259', '259Ahmed@aa.com', 1, 'M', 2, '0000-00-00 00:00:00', '0000-00-00 00:00:00'),
(260, 'Reem260', '260Reem@aa.com', 1, 'F', 2, '0000-00-00 00:00:00', '0000-00-00 00:00:00'),
(261, 'zxczxc261', '261zxc@aa.com', 1, 'F', 1, '0000-00-00 00:00:00', '0000-00-00 00:00:00'),
(262, 'Sara262', '262sara@aa.com', 1, 'F', 4, '0000-00-00 00:00:00', '0000-00-00 00:00:00'),
(263, 'Basel Mohammed263', '263basel1090@yahoo.com', 1, 'M', 1, '0000-00-00 00:00:00', '0000-00-00 00:00:00'),
(264, 'Ahmed Ali Othman264', '264Ahmed@aa.com', 1, 'M', 2, '0000-00-00 00:00:00', '0000-00-00 00:00:00'),
(265, 'Reem265', '265Reem@aa.com', 1, 'F', 2, '0000-00-00 00:00:00', '0000-00-00 00:00:00'),
(266, 'zxczxc266', '266zxc@aa.com', 1, 'F', 1, '0000-00-00 00:00:00', '0000-00-00 00:00:00'),
(267, 'Sara267', '267sara@aa.com', 1, 'F', 4, '0000-00-00 00:00:00', '0000-00-00 00:00:00'),
(268, 'Basel Mohammed268', '268basel1090@yahoo.com', 1, 'M', 1, '0000-00-00 00:00:00', '0000-00-00 00:00:00'),
(269, 'Ahmed Ali Othman269', '269Ahmed@aa.com', 1, 'M', 2, '0000-00-00 00:00:00', '0000-00-00 00:00:00'),
(270, 'Reem270', '270Reem@aa.com', 1, 'F', 2, '0000-00-00 00:00:00', '0000-00-00 00:00:00'),
(271, 'zxczxc271', '271zxc@aa.com', 1, 'F', 1, '0000-00-00 00:00:00', '0000-00-00 00:00:00'),
(272, 'Sara272', '272sara@aa.com', 1, 'F', 4, '0000-00-00 00:00:00', '0000-00-00 00:00:00'),
(273, 'Basel Mohammed273', '273basel1090@yahoo.com', 1, 'M', 1, '0000-00-00 00:00:00', '0000-00-00 00:00:00'),
(274, 'Ahmed Ali Othman274', '274Ahmed@aa.com', 1, 'M', 2, '0000-00-00 00:00:00', '0000-00-00 00:00:00'),
(275, 'Reem275', '275Reem@aa.com', 1, 'F', 2, '0000-00-00 00:00:00', '0000-00-00 00:00:00'),
(276, 'zxczxc276', '276zxc@aa.com', 1, 'F', 1, '0000-00-00 00:00:00', '0000-00-00 00:00:00'),
(277, 'Sara277', '277sara@aa.com', 1, 'F', 4, '0000-00-00 00:00:00', '0000-00-00 00:00:00'),
(278, 'Basel Mohammed278', '278basel1090@yahoo.com', 1, 'M', 1, '0000-00-00 00:00:00', '0000-00-00 00:00:00'),
(279, 'Ahmed Ali Othman279', '279Ahmed@aa.com', 1, 'M', 2, '0000-00-00 00:00:00', '0000-00-00 00:00:00'),
(280, 'Reem280', '280Reem@aa.com', 1, 'F', 2, '0000-00-00 00:00:00', '0000-00-00 00:00:00'),
(281, 'zxczxc281', '281zxc@aa.com', 1, 'F', 1, '0000-00-00 00:00:00', '0000-00-00 00:00:00'),
(282, 'Sara282', '282sara@aa.com', 1, 'F', 4, '0000-00-00 00:00:00', '0000-00-00 00:00:00'),
(283, 'Basel Mohammed283', '283basel1090@yahoo.com', 1, 'M', 1, '0000-00-00 00:00:00', '0000-00-00 00:00:00'),
(284, 'Ahmed Ali Othman284', '284Ahmed@aa.com', 1, 'M', 2, '0000-00-00 00:00:00', '0000-00-00 00:00:00'),
(285, 'Reem285', '285Reem@aa.com', 1, 'F', 2, '0000-00-00 00:00:00', '0000-00-00 00:00:00'),
(286, 'zxczxc286', '286zxc@aa.com', 1, 'F', 1, '0000-00-00 00:00:00', '0000-00-00 00:00:00'),
(287, 'Sara287', '287sara@aa.com', 1, 'F', 4, '0000-00-00 00:00:00', '0000-00-00 00:00:00'),
(288, 'Basel Mohammed288', '288basel1090@yahoo.com', 1, 'M', 1, '0000-00-00 00:00:00', '0000-00-00 00:00:00'),
(289, 'Ahmed Ali Othman289', '289Ahmed@aa.com', 1, 'M', 2, '0000-00-00 00:00:00', '0000-00-00 00:00:00'),
(290, 'Reem290', '290Reem@aa.com', 1, 'F', 2, '0000-00-00 00:00:00', '0000-00-00 00:00:00'),
(291, 'zxczxc291', '291zxc@aa.com', 1, 'F', 1, '0000-00-00 00:00:00', '0000-00-00 00:00:00'),
(292, 'Sara292', '292sara@aa.com', 1, 'F', 4, '0000-00-00 00:00:00', '0000-00-00 00:00:00'),
(293, 'Basel Mohammed293', '293basel1090@yahoo.com', 1, 'M', 1, '0000-00-00 00:00:00', '0000-00-00 00:00:00'),
(294, 'Ahmed Ali Othman294', '294Ahmed@aa.com', 1, 'M', 2, '0000-00-00 00:00:00', '0000-00-00 00:00:00'),
(295, 'Reem295', '295Reem@aa.com', 1, 'F', 2, '0000-00-00 00:00:00', '0000-00-00 00:00:00'),
(296, 'zxczxc296', '296zxc@aa.com', 1, 'F', 1, '0000-00-00 00:00:00', '0000-00-00 00:00:00'),
(297, 'Sara297', '297sara@aa.com', 1, 'F', 4, '0000-00-00 00:00:00', '0000-00-00 00:00:00'),
(298, 'Basel Mohammed298', '298basel1090@yahoo.com', 1, 'M', 1, '0000-00-00 00:00:00', '0000-00-00 00:00:00'),
(299, 'Ahmed Ali Othman299', '299Ahmed@aa.com', 1, 'M', 2, '0000-00-00 00:00:00', '0000-00-00 00:00:00'),
(300, 'Reem300', '300Reem@aa.com', 1, 'F', 2, '0000-00-00 00:00:00', '0000-00-00 00:00:00'),
(301, 'zxczxc301', '301zxc@aa.com', 1, 'F', 1, '0000-00-00 00:00:00', '0000-00-00 00:00:00'),
(302, 'Sara302', '302sara@aa.com', 1, 'F', 4, '0000-00-00 00:00:00', '0000-00-00 00:00:00'),
(303, 'Basel Mohammed303', '303basel1090@yahoo.com', 1, 'M', 1, '0000-00-00 00:00:00', '0000-00-00 00:00:00'),
(304, 'Ahmed Ali Othman304', '304Ahmed@aa.com', 1, 'M', 2, '0000-00-00 00:00:00', '0000-00-00 00:00:00'),
(305, 'Reem305', '305Reem@aa.com', 1, 'F', 2, '0000-00-00 00:00:00', '0000-00-00 00:00:00'),
(306, 'zxczxc306', '306zxc@aa.com', 1, 'F', 1, '0000-00-00 00:00:00', '0000-00-00 00:00:00'),
(307, 'Sara307', '307sara@aa.com', 1, 'F', 4, '0000-00-00 00:00:00', '0000-00-00 00:00:00'),
(308, 'Basel Mohammed308', '308basel1090@yahoo.com', 1, 'M', 1, '0000-00-00 00:00:00', '0000-00-00 00:00:00'),
(309, 'Ahmed Ali Othman309', '309Ahmed@aa.com', 1, 'M', 2, '0000-00-00 00:00:00', '0000-00-00 00:00:00'),
(310, 'Reem310', '310Reem@aa.com', 1, 'F', 2, '0000-00-00 00:00:00', '0000-00-00 00:00:00'),
(311, 'zxczxc311', '311zxc@aa.com', 1, 'F', 1, '0000-00-00 00:00:00', '0000-00-00 00:00:00'),
(312, 'Sara312', '312sara@aa.com', 1, 'F', 4, '0000-00-00 00:00:00', '0000-00-00 00:00:00'),
(313, 'Basel Mohammed313', '313basel1090@yahoo.com', 1, 'M', 1, '0000-00-00 00:00:00', '0000-00-00 00:00:00'),
(314, 'Ahmed Ali Othman314', '314Ahmed@aa.com', 1, 'M', 2, '0000-00-00 00:00:00', '0000-00-00 00:00:00'),
(315, 'Reem315', '315Reem@aa.com', 1, 'F', 2, '0000-00-00 00:00:00', '0000-00-00 00:00:00'),
(316, 'zxczxc316', '316zxc@aa.com', 1, 'F', 1, '0000-00-00 00:00:00', '0000-00-00 00:00:00'),
(317, 'Sara317', '317sara@aa.com', 1, 'F', 4, '0000-00-00 00:00:00', '0000-00-00 00:00:00'),
(318, 'Basel Mohammed318', '318basel1090@yahoo.com', 1, 'M', 1, '0000-00-00 00:00:00', '0000-00-00 00:00:00'),
(319, 'Ahmed Ali Othman319', '319Ahmed@aa.com', 1, 'M', 2, '0000-00-00 00:00:00', '0000-00-00 00:00:00'),
(320, 'Reem320', '320Reem@aa.com', 1, 'F', 2, '0000-00-00 00:00:00', '0000-00-00 00:00:00'),
(321, 'zxczxc321', '321zxc@aa.com', 1, 'F', 1, '0000-00-00 00:00:00', '0000-00-00 00:00:00'),
(322, 'Sara322', '322sara@aa.com', 1, 'F', 4, '0000-00-00 00:00:00', '0000-00-00 00:00:00'),
(323, 'Basel Mohammed323', '323basel1090@yahoo.com', 1, 'M', 1, '0000-00-00 00:00:00', '0000-00-00 00:00:00'),
(324, 'Ahmed Ali Othman324', '324Ahmed@aa.com', 1, 'M', 2, '0000-00-00 00:00:00', '0000-00-00 00:00:00'),
(325, 'Reem325', '325Reem@aa.com', 1, 'F', 2, '0000-00-00 00:00:00', '0000-00-00 00:00:00'),
(326, 'zxczxc326', '326zxc@aa.com', 1, 'F', 1, '0000-00-00 00:00:00', '0000-00-00 00:00:00'),
(327, 'Sara327', '327sara@aa.com', 1, 'F', 4, '0000-00-00 00:00:00', '0000-00-00 00:00:00'),
(328, 'Basel Mohammed328', '328basel1090@yahoo.com', 1, 'M', 1, '0000-00-00 00:00:00', '0000-00-00 00:00:00'),
(329, 'Ahmed Ali Othman329', '329Ahmed@aa.com', 1, 'M', 2, '0000-00-00 00:00:00', '0000-00-00 00:00:00'),
(330, 'Reem330', '330Reem@aa.com', 1, 'F', 2, '0000-00-00 00:00:00', '0000-00-00 00:00:00'),
(331, 'zxczxc331', '331zxc@aa.com', 1, 'F', 1, '0000-00-00 00:00:00', '0000-00-00 00:00:00'),
(332, 'Sara332', '332sara@aa.com', 1, 'F', 4, '0000-00-00 00:00:00', '0000-00-00 00:00:00'),
(333, 'Basel Mohammed333', '333basel1090@yahoo.com', 1, 'M', 1, '0000-00-00 00:00:00', '0000-00-00 00:00:00'),
(334, 'Ahmed Ali Othman334', '334Ahmed@aa.com', 1, 'M', 2, '0000-00-00 00:00:00', '0000-00-00 00:00:00'),
(335, 'Reem335', '335Reem@aa.com', 1, 'F', 2, '0000-00-00 00:00:00', '0000-00-00 00:00:00'),
(336, 'zxczxc336', '336zxc@aa.com', 1, 'F', 1, '0000-00-00 00:00:00', '0000-00-00 00:00:00'),
(337, 'Sara337', '337sara@aa.com', 1, 'F', 4, '0000-00-00 00:00:00', '0000-00-00 00:00:00'),
(338, 'Basel Mohammed338', '338basel1090@yahoo.com', 1, 'M', 1, '0000-00-00 00:00:00', '0000-00-00 00:00:00'),
(339, 'Ahmed Ali Othman339', '339Ahmed@aa.com', 1, 'M', 2, '0000-00-00 00:00:00', '0000-00-00 00:00:00'),
(340, 'Reem340', '340Reem@aa.com', 1, 'F', 2, '0000-00-00 00:00:00', '0000-00-00 00:00:00'),
(341, 'zxczxc341', '341zxc@aa.com', 1, 'F', 1, '0000-00-00 00:00:00', '0000-00-00 00:00:00'),
(342, 'Sara342', '342sara@aa.com', 1, 'F', 4, '0000-00-00 00:00:00', '0000-00-00 00:00:00'),
(343, 'Basel Mohammed343', '343basel1090@yahoo.com', 1, 'M', 1, '0000-00-00 00:00:00', '0000-00-00 00:00:00'),
(344, 'Ahmed Ali Othman344', '344Ahmed@aa.com', 1, 'M', 2, '0000-00-00 00:00:00', '0000-00-00 00:00:00'),
(345, 'Reem345', '345Reem@aa.com', 1, 'F', 2, '0000-00-00 00:00:00', '0000-00-00 00:00:00'),
(346, 'zxczxc346', '346zxc@aa.com', 1, 'F', 1, '0000-00-00 00:00:00', '0000-00-00 00:00:00'),
(347, 'Sara347', '347sara@aa.com', 1, 'F', 4, '0000-00-00 00:00:00', '0000-00-00 00:00:00'),
(348, 'Basel Mohammed348', '348basel1090@yahoo.com', 1, 'M', 1, '0000-00-00 00:00:00', '0000-00-00 00:00:00'),
(349, 'Ahmed Ali Othman349', '349Ahmed@aa.com', 1, 'M', 2, '0000-00-00 00:00:00', '0000-00-00 00:00:00'),
(350, 'Reem350', '350Reem@aa.com', 1, 'F', 2, '0000-00-00 00:00:00', '0000-00-00 00:00:00'),
(351, 'zxczxc351', '351zxc@aa.com', 1, 'F', 1, '0000-00-00 00:00:00', '0000-00-00 00:00:00'),
(352, 'Sara352', '352sara@aa.com', 1, 'F', 4, '0000-00-00 00:00:00', '0000-00-00 00:00:00'),
(353, 'Basel Mohammed353', '353basel1090@yahoo.com', 1, 'M', 1, '0000-00-00 00:00:00', '0000-00-00 00:00:00'),
(354, 'Ahmed Ali Othman354', '354Ahmed@aa.com', 1, 'M', 2, '0000-00-00 00:00:00', '0000-00-00 00:00:00'),
(355, 'Reem355', '355Reem@aa.com', 1, 'F', 2, '0000-00-00 00:00:00', '0000-00-00 00:00:00'),
(356, 'zxczxc356', '356zxc@aa.com', 1, 'F', 1, '0000-00-00 00:00:00', '0000-00-00 00:00:00'),
(357, 'Sara357', '357sara@aa.com', 1, 'F', 4, '0000-00-00 00:00:00', '0000-00-00 00:00:00'),
(358, 'Basel Mohammed358', '358basel1090@yahoo.com', 1, 'M', 1, '0000-00-00 00:00:00', '0000-00-00 00:00:00'),
(359, 'Ahmed Ali Othman359', '359Ahmed@aa.com', 1, 'M', 2, '0000-00-00 00:00:00', '0000-00-00 00:00:00'),
(360, 'Reem360', '360Reem@aa.com', 1, 'F', 2, '0000-00-00 00:00:00', '0000-00-00 00:00:00'),
(361, 'zxczxc361', '361zxc@aa.com', 1, 'F', 1, '0000-00-00 00:00:00', '0000-00-00 00:00:00'),
(362, 'Sara362', '362sara@aa.com', 1, 'F', 4, '0000-00-00 00:00:00', '0000-00-00 00:00:00'),
(363, 'Basel Mohammed363', '363basel1090@yahoo.com', 1, 'M', 1, '0000-00-00 00:00:00', '0000-00-00 00:00:00'),
(364, 'Ahmed Ali Othman364', '364Ahmed@aa.com', 1, 'M', 2, '0000-00-00 00:00:00', '0000-00-00 00:00:00'),
(365, 'Reem365', '365Reem@aa.com', 1, 'F', 2, '0000-00-00 00:00:00', '0000-00-00 00:00:00'),
(366, 'zxczxc366', '366zxc@aa.com', 1, 'F', 1, '0000-00-00 00:00:00', '0000-00-00 00:00:00'),
(367, 'Sara367', '367sara@aa.com', 1, 'F', 4, '0000-00-00 00:00:00', '0000-00-00 00:00:00'),
(368, 'Basel Mohammed368', '368basel1090@yahoo.com', 1, 'M', 1, '0000-00-00 00:00:00', '0000-00-00 00:00:00'),
(369, 'Ahmed Ali Othman369', '369Ahmed@aa.com', 1, 'M', 2, '0000-00-00 00:00:00', '0000-00-00 00:00:00'),
(370, 'Reem370', '370Reem@aa.com', 1, 'F', 2, '0000-00-00 00:00:00', '0000-00-00 00:00:00'),
(371, 'zxczxc371', '371zxc@aa.com', 1, 'F', 1, '0000-00-00 00:00:00', '0000-00-00 00:00:00'),
(372, 'Sara372', '372sara@aa.com', 1, 'F', 4, '0000-00-00 00:00:00', '0000-00-00 00:00:00'),
(373, 'Basel Mohammed373', '373basel1090@yahoo.com', 1, 'M', 1, '0000-00-00 00:00:00', '0000-00-00 00:00:00'),
(374, 'Ahmed Ali Othman374', '374Ahmed@aa.com', 1, 'M', 2, '0000-00-00 00:00:00', '0000-00-00 00:00:00'),
(375, 'Reem375', '375Reem@aa.com', 1, 'F', 2, '0000-00-00 00:00:00', '0000-00-00 00:00:00'),
(376, 'zxczxc376', '376zxc@aa.com', 1, 'F', 1, '0000-00-00 00:00:00', '0000-00-00 00:00:00'),
(377, 'Sara377', '377sara@aa.com', 1, 'F', 4, '0000-00-00 00:00:00', '0000-00-00 00:00:00'),
(378, 'Basel Mohammed378', '378basel1090@yahoo.com', 1, 'M', 1, '0000-00-00 00:00:00', '0000-00-00 00:00:00'),
(379, 'Ahmed Ali Othman379', '379Ahmed@aa.com', 1, 'M', 2, '0000-00-00 00:00:00', '0000-00-00 00:00:00'),
(380, 'Reem380', '380Reem@aa.com', 1, 'F', 2, '0000-00-00 00:00:00', '0000-00-00 00:00:00'),
(381, 'zxczxc381', '381zxc@aa.com', 1, 'F', 1, '0000-00-00 00:00:00', '0000-00-00 00:00:00'),
(382, 'Sara382', '382sara@aa.com', 1, 'F', 4, '0000-00-00 00:00:00', '0000-00-00 00:00:00'),
(383, 'Basel Mohammed383', '383basel1090@yahoo.com', 1, 'M', 1, '0000-00-00 00:00:00', '0000-00-00 00:00:00'),
(384, 'Ahmed Ali Othman384', '384Ahmed@aa.com', 1, 'M', 2, '0000-00-00 00:00:00', '0000-00-00 00:00:00'),
(385, 'Reem385', '385Reem@aa.com', 1, 'F', 2, '0000-00-00 00:00:00', '0000-00-00 00:00:00'),
(386, 'zxczxc386', '386zxc@aa.com', 1, 'F', 1, '0000-00-00 00:00:00', '0000-00-00 00:00:00'),
(387, 'Sara387', '387sara@aa.com', 1, 'F', 4, '0000-00-00 00:00:00', '0000-00-00 00:00:00'),
(388, 'Basel Mohammed388', '388basel1090@yahoo.com', 1, 'M', 1, '0000-00-00 00:00:00', '0000-00-00 00:00:00'),
(389, 'Ahmed Ali Othman389', '389Ahmed@aa.com', 1, 'M', 2, '0000-00-00 00:00:00', '0000-00-00 00:00:00'),
(390, 'Reem390', '390Reem@aa.com', 1, 'F', 2, '0000-00-00 00:00:00', '0000-00-00 00:00:00'),
(391, 'zxczxc391', '391zxc@aa.com', 1, 'F', 1, '0000-00-00 00:00:00', '0000-00-00 00:00:00'),
(392, 'Sara392', '392sara@aa.com', 1, 'F', 4, '0000-00-00 00:00:00', '0000-00-00 00:00:00'),
(393, 'Basel Mohammed393', '393basel1090@yahoo.com', 1, 'M', 1, '0000-00-00 00:00:00', '0000-00-00 00:00:00'),
(394, 'Ahmed Ali Othman394', '394Ahmed@aa.com', 1, 'M', 2, '0000-00-00 00:00:00', '0000-00-00 00:00:00'),
(395, 'Reem395', '395Reem@aa.com', 1, 'F', 2, '0000-00-00 00:00:00', '0000-00-00 00:00:00'),
(396, 'zxczxc396', '396zxc@aa.com', 1, 'F', 1, '0000-00-00 00:00:00', '0000-00-00 00:00:00'),
(397, 'Sara397', '397sara@aa.com', 1, 'F', 4, '0000-00-00 00:00:00', '0000-00-00 00:00:00'),
(398, 'Basel Mohammed398', '398basel1090@yahoo.com', 1, 'M', 1, '0000-00-00 00:00:00', '0000-00-00 00:00:00'),
(399, 'Ahmed Ali Othman399', '399Ahmed@aa.com', 1, 'M', 2, '0000-00-00 00:00:00', '0000-00-00 00:00:00'),
(400, 'Reem400', '400Reem@aa.com', 1, 'F', 2, '0000-00-00 00:00:00', '0000-00-00 00:00:00'),
(401, 'zxczxc401', '401zxc@aa.com', 1, 'F', 1, '0000-00-00 00:00:00', '0000-00-00 00:00:00'),
(402, 'Sara402', '402sara@aa.com', 1, 'F', 4, '0000-00-00 00:00:00', '0000-00-00 00:00:00'),
(403, 'Basel Mohammed403', '403basel1090@yahoo.com', 1, 'M', 1, '0000-00-00 00:00:00', '0000-00-00 00:00:00'),
(404, 'Ahmed Ali Othman404', '404Ahmed@aa.com', 1, 'M', 2, '0000-00-00 00:00:00', '0000-00-00 00:00:00'),
(405, 'Reem405', '405Reem@aa.com', 1, 'F', 2, '0000-00-00 00:00:00', '0000-00-00 00:00:00'),
(406, 'zxczxc406', '406zxc@aa.com', 1, 'F', 1, '0000-00-00 00:00:00', '0000-00-00 00:00:00'),
(407, 'Sara407', '407sara@aa.com', 1, 'F', 4, '0000-00-00 00:00:00', '0000-00-00 00:00:00'),
(408, 'Basel Mohammed408', '408basel1090@yahoo.com', 1, 'M', 1, '0000-00-00 00:00:00', '0000-00-00 00:00:00'),
(409, 'Ahmed Ali Othman409', '409Ahmed@aa.com', 1, 'M', 2, '0000-00-00 00:00:00', '0000-00-00 00:00:00'),
(410, 'Reem410', '410Reem@aa.com', 1, 'F', 2, '0000-00-00 00:00:00', '0000-00-00 00:00:00'),
(411, 'zxczxc411', '411zxc@aa.com', 1, 'F', 1, '0000-00-00 00:00:00', '0000-00-00 00:00:00'),
(507, 'qqq', 'Q@gmail.com', 1, 'f', 1, '0000-00-00 00:00:00', '0000-00-00 00:00:00'),
(508, 'oo', 'oo@gmail.com', 0, 'F', 2, '2018-04-17 12:08:50', '2018-04-17 12:08:50'),
(509, 'op', 'lama@gmail.com', 1, 'f', 2, '2018-04-11 00:00:00', '2018-04-12 00:00:00'),
(510, 'Entesar', 'entesar.2000banna@gmail.com', 1, 'F', 1, '2018-06-23 15:49:19', '2018-06-23 15:49:19'),
(511, 'kkk', 'kk@gmail.com', 1, 'F', 1, '2018-07-09 03:20:41', '2018-07-09 03:20:41');

-- --------------------------------------------------------

--
-- Table structure for table `city`
--

CREATE TABLE `city` (
  `id` int(11) NOT NULL,
  `name` varchar(50) COLLATE utf8mb4_unicode_ci NOT NULL,
  `country_id` int(11) NOT NULL
) ENGINE=InnoDB DEFAULT CHARSET=utf8mb4 COLLATE=utf8mb4_unicode_ci;

-- --------------------------------------------------------

--
-- Table structure for table `country`
--

CREATE TABLE `country` (
  `id` int(11) NOT NULL,
  `name` varchar(50) COLLATE utf8mb4_unicode_ci NOT NULL,
  `iso2` char(2) COLLATE utf8mb4_unicode_ci NOT NULL,
  `created_at` datetime NOT NULL,
  `updated_at` datetime NOT NULL
) ENGINE=InnoDB DEFAULT CHARSET=utf8mb4 COLLATE=utf8mb4_unicode_ci;

--
-- Dumping data for table `country`
--

INSERT INTO `country` (`id`, `name`, `iso2`, `created_at`, `updated_at`) VALUES
(1, 'Palestine', 'PS', '0000-00-00 00:00:00', '0000-00-00 00:00:00'),
(2, 'KSA', 'SA', '0000-00-00 00:00:00', '0000-00-00 00:00:00'),
(3, 'UAE', 'AE', '0000-00-00 00:00:00', '0000-00-00 00:00:00'),
(4, 'ARE', 'EG', '0000-00-00 00:00:00', '0000-00-00 00:00:00'),
(5, 'PRC', 'CH', '0000-00-00 00:00:00', '0000-00-00 00:00:00');

-- --------------------------------------------------------

--
-- Table structure for table `migrations`
--

CREATE TABLE `migrations` (
  `id` int(10) UNSIGNED NOT NULL,
  `migration` varchar(255) COLLATE utf8mb4_unicode_ci NOT NULL,
  `batch` int(11) NOT NULL
) ENGINE=InnoDB DEFAULT CHARSET=utf8mb4 COLLATE=utf8mb4_unicode_ci;

-- --------------------------------------------------------

--
-- Table structure for table `student`
--

CREATE TABLE `student` (
  `id` int(11) NOT NULL,
  `name` varchar(50) COLLATE utf8mb4_unicode_ci NOT NULL
) ENGINE=InnoDB DEFAULT CHARSET=utf8mb4 COLLATE=utf8mb4_unicode_ci;

-- --------------------------------------------------------

--
-- Table structure for table `users`
--

CREATE TABLE `users` (
  `id` int(10) UNSIGNED NOT NULL,
  `name` varchar(255) COLLATE utf8mb4_unicode_ci NOT NULL,
  `email` varchar(255) COLLATE utf8mb4_unicode_ci NOT NULL,
  `password` varchar(255) COLLATE utf8mb4_unicode_ci NOT NULL,
  `remember_token` varchar(100) COLLATE utf8mb4_unicode_ci DEFAULT NULL,
  `created_at` timestamp NULL DEFAULT NULL,
  `updated_at` timestamp NULL DEFAULT NULL
) ENGINE=InnoDB DEFAULT CHARSET=utf8mb4 COLLATE=utf8mb4_unicode_ci;

--
-- Dumping data for table `users`
--

INSERT INTO `users` (`id`, `name`, `email`, `password`, `remember_token`, `created_at`, `updated_at`) VALUES
(1, 'Entesar', 'entesar.2000banna@gmail.com', '$2y$10$PPOI1Qbxrv.3oAubayGrYOjRTZeX5G/YKfPyYwzhfV3Liwn9tS0/a', NULL, '2018-07-08 12:21:13', '2018-07-08 12:21:13'),
(2, 'Entesar', 'lama.2000banna@gmail.com', '$2y$10$PJ6z3xlhfi.XOgqiMI.Mq.PkovzRF7CD0I/s4rJXAwWWICTR9dMYq', NULL, '2018-08-05 10:25:26', '2018-08-05 10:25:26'),
(3, 'Entesar ElBanna', '666@gmail.com', '$2y$10$5HdiNxvd3Q4vRK4ci9tyXu4rpzTF73GbN1yGlZqIc5h4rl3BvVbJ2', 'AUUiGMc08RveuggfttWJuyXAnjjERSksOJzN5082Cs6qEefYJTT25NSo3L8o', '2018-11-19 09:16:50', '2018-11-19 09:16:50'),
(4, 'iii', 'iii@gmail.com', '$2y$10$rYIzPGkMlLaxe18WY7dMRu44a/py3eAh35J8Nndrifc0u8QSZDS8O', 'ywCIp7Id36Dlp53iOyf5yGx0BmNxYg7CPifI2g05tRv9sW6WX6PU817dScgj', '2018-11-19 09:17:45', '2018-11-19 09:17:45');

--
-- Indexes for dumped tables
--

--
-- Indexes for table `account`
--
ALTER TABLE `account`
  ADD PRIMARY KEY (`id`),
  ADD KEY `country_id` (`country_id`);

--
-- Indexes for table `city`
--
ALTER TABLE `city`
  ADD PRIMARY KEY (`id`);

--
-- Indexes for table `country`
--
ALTER TABLE `country`
  ADD PRIMARY KEY (`id`);

--
-- Indexes for table `migrations`
--
ALTER TABLE `migrations`
  ADD PRIMARY KEY (`id`);

--
-- Indexes for table `student`
--
ALTER TABLE `student`
  ADD PRIMARY KEY (`id`);

--
-- Indexes for table `users`
--
ALTER TABLE `users`
  ADD PRIMARY KEY (`id`);

--
-- AUTO_INCREMENT for dumped tables
--

--
-- AUTO_INCREMENT for table `account`
--
ALTER TABLE `account`
  MODIFY `id` int(11) NOT NULL AUTO_INCREMENT, AUTO_INCREMENT=512;

--
-- AUTO_INCREMENT for table `city`
--
ALTER TABLE `city`
  MODIFY `id` int(11) NOT NULL AUTO_INCREMENT;

--
-- AUTO_INCREMENT for table `country`
--
ALTER TABLE `country`
  MODIFY `id` int(11) NOT NULL AUTO_INCREMENT, AUTO_INCREMENT=6;

--
-- AUTO_INCREMENT for table `migrations`
--
ALTER TABLE `migrations`
  MODIFY `id` int(10) UNSIGNED NOT NULL AUTO_INCREMENT;

--
-- AUTO_INCREMENT for table `student`
--
ALTER TABLE `student`
  MODIFY `id` int(11) NOT NULL AUTO_INCREMENT;

--
-- AUTO_INCREMENT for table `users`
--
ALTER TABLE `users`
  MODIFY `id` int(10) UNSIGNED NOT NULL AUTO_INCREMENT, AUTO_INCREMENT=5;

--
-- Constraints for dumped tables
--

--
-- Constraints for table `account`
--
ALTER TABLE `account`
  ADD CONSTRAINT `account_ibfk_1` FOREIGN KEY (`country_id`) REFERENCES `country` (`id`);
COMMIT;

/*!40101 SET CHARACTER_SET_CLIENT=@OLD_CHARACTER_SET_CLIENT */;
/*!40101 SET CHARACTER_SET_RESULTS=@OLD_CHARACTER_SET_RESULTS */;
/*!40101 SET COLLATION_CONNECTION=@OLD_COLLATION_CONNECTION */;
